Ax,Ay,Az,Label
1.29,-1.38,-10.15,Still
1.59,-0.39,-10.05,Still
1.84,-0.57,-10.3,Still
1.32,-0.51,-9.99,Still
2.07,-0.46,-10.13,Still
2.11,-0.83,-10.08,Still
2.18,-0.51,-9.98,Still
1.52,-0.31,-10.47,Still
1.25,-0.06,-10.53,Still
1.36,-0.14,-10.21,Still
1.55,-0.17,-10.29,Still
1.25,-0.06,-10.29,Still
1.42,0.09,-10.52,Still
1.51,0.15,-10.31,Still
1.62,0.11,-10.21,Still
1.51,0.18,-10.31,Still
1.6,0.3,-10.43,Still
1.38,0.33,-10.24,Still
1.47,0.3,-10.25,Still
1.5,0.33,-10.46,Still
1.56,0.35,-10.41,Still
1.65,0.21,-10.5,Still
1.52,0.4,-10.45,Still
1.58,0.52,-10.51,Still
1.48,0.53,-10.29,Still
1.56,0.56,-10.31,Still
1.56,0.47,-10.51,Still
1.66,0.32,-10.27,Still
1.46,0.38,-10.25,Still
1.58,0.42,-10.32,Still
1.55,0.39,-10.47,Still
1.46,0.43,-10.27,Still
1.64,0.31,-10.42,Still
1.63,0.4,-10.36,Still
1.62,0.32,-10.44,Still
1.49,0.36,-10.37,Still
1.57,0.28,-10.44,Still
1.45,0.37,-10.46,Still
1.68,0.27,-10.36,Still
1.59,0.35,-10.43,Still
1.64,0.35,-10.32,Still
1.59,0.25,-10.38,Still
1.56,0.32,-10.33,Still
1.7,0.35,-10.47,Still
1.58,0.32,-10.23,Still
1.57,0.28,-10.32,Still
1.54,0.47,-10.5,Still
1.59,0.3,-10.46,Still
1.6,0.29,-10.37,Still
1.66,0.39,-10.26,Still
1.71,0.26,-10.34,Still
1.61,0.27,-10.27,Still
1.76,0.21,-10.29,Still
1.71,0.25,-10.34,Still
1.74,0.4,-10.54,Still
1.72,0.2,-10.35,Still
1.6,0.22,-10.42,Still
1.65,0.34,-10.48,Still
1.6,0.32,-10.49,Still
1.56,0.27,-10.26,Still
1.68,0.31,-10.29,Still
1.57,0.4,-10.47,Still
1.59,0.33,-10.51,Still
1.64,0.32,-10.24,Still
1.71,0.22,-10.34,Still
1.63,0.29,-10.4,Still
1.63,0.28,-10.33,Still
1.66,0.35,-10.48,Still
1.67,0.27,-10.32,Still
1.59,0.39,-10.52,Still
1.62,0.36,-10.3,Still
1.63,0.3,-10.28,Still
1.74,0.26,-10.28,Still
1.72,0.17,-10.38,Still
1.68,0.32,-10.37,Still
1.39,0.44,-10.33,Still
1.61,0.33,-10.33,Still
1.53,0.4,-10.38,Still
1.55,0.44,-10.4,Still
1.63,0.22,-10.37,Still
1.62,0.34,-10.38,Still
1.58,0.39,-10.41,Still
1.57,0.43,-10.26,Still
1.54,0.34,-10.23,Still
1.66,0.25,-10.3,Still
1.65,0.32,-10.35,Still
1.71,0.29,-10.42,Still
1.63,0.31,-10.4,Still
1.61,0.34,-10.35,Still
1.69,0.36,-10.31,Still
1.59,0.24,-10.27,Still
1.6,0.26,-10.31,Still
1.66,0.28,-10.38,Still
1.65,0.31,-10.38,Still
1.72,0.26,-10.43,Still
1.65,0.32,-10.43,Still
1.61,0.34,-10.2,Still
1.63,0.46,-10.44,Still
1.65,0.27,-10.28,Still
1.65,0.33,-10.26,Still
1.63,0.25,-10.3,Still
1.64,0.34,-10.39,Still
1.59,0.34,-10.35,Still
1.61,0.3,-10.32,Still
1.71,0.42,-10.47,Still
1.71,0.31,-10.27,Still
1.86,0.18,-10.46,Still
1.66,0.34,-10.19,Still
1.65,0.43,-10.34,Still
1.55,0.6,-10.45,Still
1.66,0.65,-10.32,Still
1.53,0.63,-10.38,Still
1.53,0.7,-10.27,Still
1.45,0.44,-10.16,Still
1.52,0.54,-10.32,Still
1.45,0.49,-10.27,Still
1.46,0.52,-10.44,Still
1.27,0.75,-10.38,Still
1.46,0.57,-10.19,Still
1.47,0.54,-10.25,Still
1.2,0.54,-10.83,Still
1.27,0.3,-10.81,Still
0.71,1.16,-10.57,Still
-0.26,2.08,-11.3,Still
-2.33,2.96,-9.98,Still
-2.54,2.98,-9.45,Still
-2.31,2.46,-10.05,Still
-2.27,1.73,-9.8,Still
-3.27,2.39,-10.31,Still
-2.94,0.89,-9.94,Still
-2.43,0.0,-10.48,Still
-2.04,-0.43,-10.2,Still
-2.11,-1.31,-10.45,Still
-2.84,-0.15,-10.03,Still
-2.32,-0.09,-9.95,Still
-2.75,-0.2,-9.93,Still
-2.84,-0.93,-9.72,Still
-1.41,-2.14,-9.67,Still
-1.59,-2.9,-9.57,Still
-2.22,-2.85,-9.75,Still
-1.25,-2.66,-9.56,Still
-2.06,-1.18,-10.81,Still
-4.08,1.04,-10.49,Still
-2.21,0.42,-11.37,Still
-1.1,-2.68,-9.56,Still
2.22,-3.6,-9.66,Still
0.36,-1.91,-9.96,Still
0.4,-1.09,-10.03,Still
0.81,-1.37,-10.27,Still
0.98,-1.46,-10.32,Still
0.87,-1.46,-10.47,Still
0.97,-1.37,-10.34,Still
0.88,-1.58,-10.28,Still
0.79,-1.55,-10.37,Still
0.93,-1.73,-10.27,Still
0.81,-1.69,-10.27,Still
0.91,-1.88,-10.31,Still
0.91,-1.78,-10.26,Still
0.91,-1.53,-10.62,Still
0.86,-1.8,-10.3,Still
0.86,-1.82,-10.32,Still
0.92,-1.79,-10.26,Still
0.88,-1.84,-10.21,Still
0.88,-1.83,-10.21,Still
0.86,-1.98,-10.23,Still
0.84,-1.96,-10.21,Still
0.91,-1.98,-10.25,Still
0.91,-1.97,-10.17,Still
0.83,-2.02,-10.1,Still
0.83,-1.96,-10.2,Still
0.86,-1.94,-10.13,Still
0.75,-1.82,-10.21,Still
0.67,-1.76,-10.24,Still
0.88,-1.89,-10.14,Still
1.08,-2.0,-10.39,Still
0.91,-1.77,-10.37,Still
0.94,-1.83,-10.29,Still
1.0,-1.88,-10.16,Still
1.0,-2.05,-10.26,Still
1.03,-2.01,-10.16,Still
1.06,-2.14,-10.15,Still
1.01,-2.2,-9.91,Still
1.05,-2.31,-9.84,Still
1.01,-2.35,-10.08,Still
0.93,-2.22,-10.12,Still
1.06,-2.29,-10.17,Still
1.0,-2.33,-10.3,Still
1.02,-2.16,-10.04,Still
0.97,-2.2,-10.18,Still
1.02,-1.99,-10.18,Still
1.01,-1.86,-10.39,Still
1.03,-1.88,-10.36,Still
0.92,-1.36,-10.03,Still
0.92,-1.33,-10.62,Still
1.03,-1.41,-10.42,Still
0.99,-1.26,-10.17,Still
0.95,-1.18,-10.36,Still
1.03,-1.34,-10.35,Still
1.01,-1.34,-10.39,Still
0.99,-1.45,-10.38,Still
0.39,3.03,-11.83,Moving
1.03,5.23,-11.59,Moving
1.01,3.45,-8.91,Moving
1.95,6.05,-6.36,Moving
2.2,7.37,-4.5,Moving
1.64,9.25,-3.58,Moving
-1.29,8.15,-3.46,Moving
-2.18,6.41,-9.53,Moving
-0.01,4.37,-11.88,Moving
-0.19,2.36,-12.11,Moving
1.02,2.8,-9.76,Moving
2.32,4.92,-8.31,Moving
2.62,6.6,-5.61,Moving
1.14,7.87,-4.43,Moving
0.38,10.42,-3.44,Moving
0.52,9.64,-5.28,Moving
-0.71,9.18,-4.3,Moving
-1.21,8.94,-5.89,Moving
-1.24,7.41,-6.7,Moving
-1.5,6.8,-7.63,Moving
-1.28,6.56,-7.59,Moving
-1.33,6.75,-7.44,Moving
-1.17,6.63,-8.54,Moving
-0.48,6.59,-8.27,Moving
0.18,6.58,-6.35,Moving
-0.61,6.97,-4.12,Moving
-1.73,7.98,-4.68,Moving
-2.98,7.72,-8.08,Moving
-2.35,5.84,-9.9,Moving
-0.02,4.14,-11.13,Moving
1.93,3.19,-11.08,Moving
3.6,6.07,-8.31,Moving
1.75,6.11,-3.45,Moving
0.41,8.98,-2.57,Moving
-2.52,9.5,-4.28,Moving
-4.02,9.77,-7.62,Moving
-3.39,9.81,-8.05,Moving
-2.0,6.81,-8.29,Moving
0.55,7.62,-7.3,Moving
1.06,6.78,-3.59,Moving
0.29,6.13,-0.28,Moving
-0.74,9.12,2.32,Moving
-4.75,9.7,4.49,Moving
-6.48,10.15,6.17,Moving
-5.01,7.27,3.92,Moving
-5.74,9.22,3.93,Moving
-2.5,7.48,3.17,Moving
-1.11,8.17,1.57,Moving
0.99,6.46,1.03,Moving
1.54,5.61,3.92,Moving
-2.17,7.28,4.33,Moving
-4.67,8.92,2.54,Moving
-7.71,8.87,1.82,Moving
-8.88,10.7,-2.97,Moving
-6.23,7.92,-1.3,Moving
-5.89,9.33,-5.46,Moving
0.41,3.02,0.91,Moving
0.94,7.07,-0.29,Moving
-0.2,7.37,2.66,Moving
-2.48,7.41,1.64,Moving
-6.5,9.62,3.52,Moving
-6.4,8.33,0.84,Moving
-7.13,8.63,-2.69,Moving
-6.66,8.02,-4.08,Moving
-4.13,8.03,-2.85,Moving
0.6,3.6,-0.17,Moving
0.82,7.99,0.33,Moving
-0.71,8.11,3.41,Moving
-4.93,9.31,0.37,Moving
-7.06,11.32,0.45,Moving
-6.55,9.02,-0.2,Moving
-7.07,9.52,-4.92,Moving
-4.46,9.4,-3.88,Moving
-1.25,7.0,-3.51,Moving
1.19,6.35,-1.15,Moving
-1.81,3.81,0.95,Moving
-0.97,9.58,2.97,Moving
-4.57,7.85,0.17,Moving
-4.75,9.42,-0.46,Moving
-4.19,9.7,-4.49,Moving
-5.23,8.98,-7.24,Moving
-2.05,8.85,-4.1,Moving
-0.7,8.15,0.57,Moving
-2.35,5.77,4.35,Moving
-3.29,5.43,10.47,Moving
-2.6,7.36,0.26,Moving
-0.94,14.0,-9.24,Moving
-0.64,9.27,-4.23,Moving
-4.11,4.04,5.22,Moving
-6.82,2.66,11.05,Moving
-4.4,3.83,8.35,Moving
-2.62,7.99,-2.82,Moving
-4.08,12.76,-6.71,Moving
-2.96,8.66,-1.47,Moving
-5.96,1.42,9.33,Moving
-6.99,1.5,9.96,Moving
-5.77,5.09,6.96,Moving
-3.66,7.54,-0.88,Moving
-4.94,10.06,-3.15,Moving
-3.72,8.99,-1.84,Moving
-5.37,6.46,5.25,Moving
-7.37,3.14,8.27,Moving
-6.18,5.36,5.83,Moving
-4.16,8.16,-0.1,Moving
-4.19,10.7,-4.46,Moving
-3.9,10.23,-3.65,Moving
-4.45,8.44,2.91,Moving
-6.0,8.11,5.49,Moving
-3.94,8.11,4.98,Moving
-0.21,7.49,2.04,Moving
1.94,6.6,-2.79,Moving
-1.18,7.78,-5.58,Moving
-5.68,10.52,-7.81,Moving
-6.96,10.84,-3.04,Moving
-4.75,8.38,-2.12,Moving
-1.72,7.49,-0.61,Moving
0.13,6.17,-0.27,Moving
-1.92,7.25,-0.18,Moving
-7.57,8.61,-1.61,Moving
-10.12,9.13,-1.5,Moving
-7.91,12.48,-0.74,Moving
-2.9,6.06,0.17,Moving
-0.92,6.6,-0.6,Moving
-0.74,5.3,-0.38,Moving
-5.25,7.24,-0.54,Moving
-11.67,9.82,-2.32,Moving
-9.53,8.38,0.11,Moving
-5.09,2.96,-2.9,Moving
-0.64,5.0,-0.88,Moving
-2.62,5.31,1.17,Moving
-7.12,9.06,5.77,Moving
-11.15,9.09,0.02,Moving
-7.83,8.62,2.3,Moving
-4.25,5.87,0.74,Moving
-2.68,2.39,1.67,Moving
-1.61,6.74,5.45,Moving
-4.16,5.47,7.58,Moving
-7.78,6.25,4.23,Moving
-6.0,8.05,5.65,Moving
-4.62,6.9,2.66,Moving
-2.13,12.36,3.59,Moving
-2.39,8.65,4.22,Moving
10.57,3.91,11.55,Moving
4.19,-1.43,-0.74,Moving
4.38,7.25,5.37,Moving
3.68,8.98,2.85,Moving
4.57,7.55,1.71,Moving
4.81,6.8,-2.5,Moving
1.75,9.39,-7.11,Moving
1.77,7.13,-7.07,Moving
1.1,5.23,-8.06,Moving
0.03,4.3,-9.32,Moving
-1.52,4.34,-11.23,Moving
-2.7,4.3,-11.2,Moving
-1.87,6.88,-7.7,Moving
-0.85,10.51,-4.69,Moving
-0.34,9.37,-3.9,Moving
-0.32,9.03,-1.36,Moving
0.69,9.41,1.39,Moving
0.75,9.53,1.97,Moving
2.03,9.82,2.17,Moving
5.25,8.2,-0.04,Moving
2.69,9.66,-1.83,Moving
3.09,8.73,-3.23,Moving
4.25,6.92,-6.39,Moving
3.92,6.71,-7.78,Moving
3.36,7.01,-6.96,Moving
3.05,7.24,-6.1,Moving
1.86,9.12,-5.36,Moving
1.01,9.23,-3.91,Moving
1.31,9.57,-1.98,Moving
0.74,9.72,1.25,Moving
0.93,9.94,1.57,Moving
1.99,7.67,1.52,Moving
-0.36,8.96,1.72,Moving
-1.21,8.75,2.18,Moving
-0.29,9.59,3.78,Moving
-0.53,9.87,0.27,Moving
-0.4,5.66,1.67,Moving
-1.52,9.6,2.96,Moving
-1.56,9.35,3.31,Moving
-1.98,10.18,3.05,Moving
-2.97,8.65,3.25,Moving
-1.78,8.08,0.76,Moving
-0.21,7.99,-0.06,Moving
2.73,8.36,-4.92,Moving
5.0,7.29,-10.0,Moving
4.34,5.25,-9.18,Moving
2.38,7.01,-4.87,Moving
1.24,8.42,-2.43,Moving
-0.86,10.03,0.67,Moving
-1.27,10.39,1.79,Moving
-0.91,9.94,1.04,Moving
-0.9,8.69,-0.03,Moving
0.78,7.72,-4.68,Moving
1.98,6.34,-9.47,Moving
2.56,5.54,-11.03,Moving
2.41,5.38,-9.64,Moving
1.28,5.8,-7.33,Moving
-0.82,9.08,-2.54,Moving
